Id,Churn
0,0.092313450999748
1,0.87936748687663
2,0.858318784143294
3,0.029191273352237
4,0.016098310474759
5,0.314184089598455
6,0.702927838896857
7,0.532410457856674
8,0.082513636782256
9,0.64042758065106
10,0.304412762057741
11,0.441784214217799
12,0.560119229577614
13,0.314248062163135
14,0.02048564020864
15,0.065408321004506
16,0.33988703659676
17,0.578510419641648
18,0.030109491548048
19,0.05898004659108
20,0.460850528309102
21,0.026248107980669
22,0.913209615929417
23,0.625410076842331
24,0.258862341047839
25,0.665223622585575
26,0.279118217452696
27,0.073697709555186
28,0.073144340021801
29,0.015417951892917
30,0.771763053792607
31,0.535726559982987
32,0.907990423613585
33,0.816206045730426
34,0.150853125447101
35,0.164430472351105
36,0.774896389638498
37,0.140527083403906
38,0.247477606261278
39,0.09339135600181
40,0.60713038587909
41,0.810931571630401
42,0.706162979914485
43,0.514049761807682
44,0.666011555760169
45,0.570865302922219
46,0.45429624265794
47,0.247405888266297
48,0.538078512125416
49,0.519419861060319
50,0.651419309535811
51,0.908280740424559
52,0.506945090112308
53,0.361900937433571
54,0.751000839783913
55,0.026059228651953
56,0.025989928627214
57,0.860302668683543
58,0.86356645851386
59,0.534836727302238
60,0.023146593874665
61,0.756326179465356
62,0.275615101960663
63,0.288266449766967
64,0.916391498965863
65,0.018338339187012
66,0.562096249189583
67,0.713427908181269
68,0.035211878072609
69,0.780375312996708
70,0.821868721621269
71,0.698337060585586
72,0.226063923787514
73,0.745466978479108
74,0.934434658372885
75,0.111808626412273
76,0.39072692628493
77,0.093741956466745
78,0.246246884127668
79,0.028511369296848
80,0.747655243539973
81,0.891118331653696
82,0.922431535104359
83,0.383632049011051
84,0.536553401598606
85,0.098177802818409
86,0.089032321005793
87,0.644006818547397
88,0.496108251173878
89,0.536553401598606
90,0.264086173926603
91,0.467701233971436
92,0.938780028347165
93,0.9260314986557
94,0.014542395317352
95,0.069495615538334
96,0.432496179143066
97,0.865229662531661
98,0.65506866268374
99,0.862508196127793
100,0.048378934837795
101,0.950987920656874
102,0.021007851326533
103,0.776236487743004
104,0.014938192231061
105,0.901426165099143
106,0.462416992488867
107,0.38255121407619
108,0.019231452746522
109,0.445378514901305
110,0.394768354725066
111,0.128626844838268
112,0.795714500045564
113,0.635453420331146
114,0.017863449265187
115,0.942873614275183
116,0.076144679003727
117,0.019380258103692
118,0.104444725736846
119,0.90543959673607
120,0.335676602513736
121,0.233772499526523
122,0.5903836755276
123,0.616465832314783
124,0.540951891935366
125,0.55131167972292
126,0.880621503552527
127,0.505024676887358
128,0.49815304375627
129,0.330338623935399
130,0.228462262855
131,0.122541871345237
132,0.021009406410537
133,0.111174191346037
134,0.472828258328485
135,0.093299247178324
136,0.106302500328276
137,0.027526077323812
138,0.089950309408585
139,0.392821585187674
140,0.036083384687018
141,0.020520803051892
142,0.244836927795674
143,0.282193125995286
144,0.575786384054644
145,0.282084496056725
146,0.550195186583131
147,0.023765262609916
148,0.021710542776905
149,0.893932936407363
150,0.075880114220451
151,0.824295903008832
152,0.537890434265738
153,0.036549539552351
154,0.648680952993585
155,0.938409962210953
156,0.088757467959853
157,0.22453374990452
158,0.089970808732
159,0.27963589262437
160,0.448084611621046
161,0.860212339216833
162,0.248454085065249
163,0.074295391094032
164,0.811321134929209
165,0.236238472091944
166,0.118626879980371
167,0.310955152022993
168,0.068709083063015
169,0.798811765917586
170,0.917509316778337
171,0.062940927877098
172,0.622455207121247
173,0.678401441222703
174,0.263120938597563
175,0.766841151773674
176,0.335444785644904
177,0.061805482852513
178,0.035941937766111
179,0.9363835092385
180,0.347600249409723
181,0.17928932669904
182,0.13009041881822
183,0.299379107763517
184,0.455416540615736
185,0.030985076953806
186,0.266481470201275
187,0.032206390713629
188,0.088293105998841
189,0.035182843828946
190,0.037527588423022
191,0.020234543676599
192,0.209823168049268
193,0.11377038100105
194,0.640853220258408
195,0.267599927055818
196,0.094653690276006
197,0.379209673918179
198,0.629558479212576
199,0.790009124557273
200,0.795363869371986
201,0.867818791905926
202,0.333566165643584
203,0.895463065648025
204,0.419528249655875
205,0.018314790157338
206,0.217892375413672
207,0.850623624368926
208,0.792490891794072
209,0.781929386567537
210,0.534264580210059
211,0.113472328136499
212,0.777887982811162
213,0.099552667564403
214,0.048059432467965
215,0.829070596853326
216,0.949330163403811
217,0.910749241343476
218,0.408034939777666
219,0.749055828775515
220,0.724687730543071
221,0.044377726295216
222,0.123477491937841
223,0.258277875461269
224,0.019182487160634
225,0.857348678082456
226,0.505928452632587
227,0.120188721958923
228,0.769512115756619
229,0.615803817062823
230,0.021617299296001
231,0.024555667663092
232,0.590226833477555
233,0.029519315033366
234,0.090523352578
235,0.071254598083573
236,0.901109817736309
237,0.593339957850621
238,0.167948447215182
239,0.620914410495742
240,0.345864100882259
241,0.076884055404055
242,0.30361063220037
243,0.676656092800329
244,0.122412191336919
245,0.351450049065014
246,0.036702218217835
247,0.014923089732504
248,0.209176667430509
249,0.026686305165796
250,0.01168406872233
251,0.089597762415811
252,0.336800362227234
253,0.655218029062285
254,0.608260792685833
255,0.856372527573821
256,0.191536586954347
257,0.443718771697182
258,0.49238604533587
259,0.728673764235923
260,0.403504418166285
261,0.413475111995494
262,0.463358875855075
263,0.728693978824002
264,0.831373008756469
265,0.66966027579489
266,0.863355890981547
267,0.610500292249606
268,0.482487582733056
269,0.148488845681595
270,0.02040099170173
271,0.017766461705901
272,0.628683886189089
273,0.801493035392071
274,0.075033848264713
275,0.491309597714657
276,0.038739363233697
277,0.130580511616615
278,0.238717136295981
279,0.124320744502938
280,0.827271403726474
281,0.262725513777502
282,0.78628150860108
283,0.014337007461788
284,0.387097154820638
285,0.028199193180171
286,0.028232138949461
287,0.021314151016598
288,0.132977211416113
289,0.877949113147601
290,0.663186187260098
291,0.795917730581641
292,0.12948144384613
293,0.794329058958456
294,0.681412318200643
295,0.229890428172976
296,0.280855266251944
297,0.792261749146633
298,0.016327800535403
299,0.56826269235991
300,0.07957324886453
301,0.479839238037962
302,0.299069942786956
303,0.901529515070444
304,0.034256508743855
305,0.330227782172478
306,0.669627378192235
307,0.825431328586435
308,0.86157975756238
309,0.915987935025276
310,0.14976883380426
311,0.018934567952233
312,0.28287082167437
313,0.103253133619514
314,0.692977334115448
315,0.936274964862151
316,0.131162714190932
317,0.573482307939729
318,0.899412137870757
319,0.789912145181558
320,0.525489927323688
321,0.799798394815044
322,0.759845778824297
323,0.265091869535818
324,0.037483084314763
325,0.930486500330392
326,0.029880434269205
327,0.395998544090168
328,0.012296712490254
329,0.537924630235067
330,0.270498307472862
331,0.567104596414601
332,0.522860322704366
333,0.332528555691796
334,0.777499240189205
335,0.352024732701278
336,0.028061657520271
337,0.518469802397795
338,0.077291960100309
339,0.085084645494113
340,0.762155289825332
341,0.459935523515131
342,0.219809325212899
343,0.440057852524237
344,0.024201583231458
345,0.09339135600181
346,0.694178787165266
347,0.665102700831576
348,0.026571222470835
349,0.518954131844864
350,0.191777398236878
351,0.05055645283144
352,0.492884086817652
353,0.168370400446898
354,0.651685327168209
355,0.033084963393351
356,0.900268823565097
357,0.813410830958872
358,0.887852871877765
359,0.82487769362338
360,0.492943144153279
361,0.027430464970734
362,0.576234364878525
363,0.287566378811033
364,0.592211020696798
365,0.020015644770276
366,0.08535315622989
367,0.334329757646929
368,0.232162290187605
369,0.225821450412285
370,0.188419809170269
371,0.594855998357953
372,0.078580898022298
373,0.940400012697422
374,0.024430973109021
375,0.227618174642338
376,0.449998315889289
377,0.338205377438362
378,0.878028424912877
379,0.798818779681751
380,0.57045369233476
381,0.103863980574952
382,0.097808118716126
383,0.722257992428987
384,0.544325796385292
385,0.760256208886942
386,0.794345153343351
387,0.053911175432034
388,0.016767592635399
389,0.018725218459442
390,0.880996634592207
391,0.023129661642249
392,0.840019803960825
393,0.643458891991901
394,0.185659685104931
395,0.681218876614208
396,0.09339135600181
397,0.092717929241365
398,0.384419489220098
399,0.021512636827577
400,0.614318231376547
401,0.352160732450111
402,0.02531125063003
403,0.342242563361893
404,0.039836666899874
405,0.783169739060164
406,0.838213089793849
407,0.601301951592848
408,0.539437165421093
409,0.021536087758308
410,0.259084477289726
411,0.134606862895769
412,0.821001128176516
413,0.790092707446712
414,0.539437165421093
415,0.275785950013971
416,0.018972151896634
417,0.6833088336485
418,0.127960893044548
419,0.140303264044847
420,0.649555210921163
421,0.434214243139175
422,0.670335676574997
423,0.229959882452971
424,0.132923005441179
425,0.820165510817454
426,0.363997231606264
427,0.134807573763578
428,0.939173461274618
429,0.411830097966071
430,0.050100643392231
431,0.213065447781487
432,0.81709345064115
433,0.797622740419352
434,0.783472994013757
435,0.872844682874679
436,0.020066101713303
437,0.105315933127126
438,0.380707450422267
439,0.5158785686548
440,0.331036436488482
441,0.567553268966269
442,0.436749302309087
443,0.088098615149853
444,0.62955954440092
445,0.017614471622091
446,0.035794317514694
447,0.089232146244312
448,0.710313684779983
449,0.142649878903946
450,0.806266974521805
451,0.734590874564391
452,0.02290194304488
453,0.807215231689507
454,0.09087735937272
455,0.322528517746655
456,0.32973900218985
457,0.013456558508739
458,0.051970440168796
459,0.09262486126342
460,0.501488322331789
461,0.024493290338021
462,0.027792161272866
463,0.07314314950933
464,0.665102700831576
465,0.368013095390608
466,0.034581444698014
467,0.876466520710248
468,0.517063262118068
469,0.086569225626602
470,0.723275991794386
471,0.646747669445358
472,0.538078512125416
473,0.43118659306177
474,0.694875681981226
475,0.1277891079954
476,0.897360313951826
477,0.078676111841187
478,0.20462741084906
479,0.361612766716681
480,0.554154971634625
481,0.034118574719634
482,0.500191902888677
483,0.820375776757731
484,0.156345715852264
485,0.677603248265557
486,0.671452632878925
487,0.537493570325883
488,0.028381060478457
489,0.095896526220035
490,0.922108788251473
491,0.675465714217859
492,0.565082651757058
493,0.131961935004565
494,0.182504959271237
495,0.064389324622353
496,0.100328022797584
497,0.138351896056881
498,0.852707541483927
499,0.099717895393457
500,0.909534326134663
501,0.041150970512649
502,0.402931951528983
503,0.711226707261419
504,0.62050824886748
505,0.034587686835819
506,0.283369763036104
507,0.50129073721272
508,0.819228753788311
509,0.223153843081888
510,0.91003237322616
511,0.459958156596199
512,0.770271810303582
513,0.688592652007844
514,0.366322295744542
515,0.113712738194843
516,0.492740889865287
517,0.95320210795306
518,0.654875620694081
519,0.023885033115638
520,0.808951858632551
521,0.089700775672059
522,0.058365526221208
523,0.343227757291036
524,0.948237377847646
525,0.291387910019228
526,0.615334090926984
527,0.287708696028301
528,0.824927218419099
529,0.258159777670697
530,0.102570205260503
531,0.197140541737351
532,0.278722018413673
533,0.628818279433163
534,0.911646843783277
535,0.857684419577016
536,0.667688495989912
537,0.157204655980247
538,0.747887752436756
539,0.373872476777594
540,0.825578017221475
541,0.887487151262613
542,0.373795774783165
543,0.380740700639786
544,0.372864580967816
545,0.489169181430995
546,0.694554608103546
547,0.117043825784974
548,0.53393175794386
549,0.110255944779595
550,0.105471345949207
551,0.048460406803745
552,0.028301475670731
553,0.472121656653755
554,0.276633995506549
555,0.140647477857963
556,0.821374371445193
557,0.859590726945084
558,0.245281788160473
559,0.544607893050422
560,0.5922688948378
561,0.018289721508233
562,0.075704189578526
563,0.019076465907424
564,0.493503207154695
565,0.537125617764062
566,0.841878906420135
567,0.244682625068119
568,0.80498935874645
569,0.20654884607594
570,0.017471244880586
571,0.871438656051026
572,0.865282722322709
573,0.413593200660205
574,0.031313652363903
575,0.52042299064254
576,0.513770051156001
577,0.792228420382633
578,0.625956196256497
579,0.86261065396946
580,0.046013538835962
581,0.832484132211535
582,0.014938192231061
583,0.026162798618108
584,0.51171810226035
585,0.074992320173616
586,0.247823417724854
587,0.143625485816219
588,0.938827812845885
589,0.674146242341323
590,0.971629760956604
591,0.137455047846699
592,0.785616229584136
593,0.1433026505111
594,0.634129171765818
595,0.748185192551445
596,0.0212527633912
597,0.609563089723276
598,0.596211625693045
599,0.041386537635828
600,0.012143799264828
601,0.311391233139089
602,0.154981944653713
603,0.837884651571391
604,0.044799402583481
605,0.491882408379976
606,0.336238232116258
607,0.833476156770358
608,0.116591008822132
609,0.348372084834829
610,0.767161865811778
611,0.368013095390608
612,0.605107117372605
613,0.266583882305274
614,0.084162961852111
615,0.020683182069839
616,0.762713177513064
617,0.342288059374505
618,0.023743541362762
619,0.436855938278772
620,0.103325803232176
621,0.585577393822739
622,0.865229662531661
623,0.940186554208619
624,0.101637624555261
625,0.255862422209084
626,0.081899451875084
627,0.025828956325611
628,0.878787684726142
629,0.204692889777903
630,0.763337150479141
631,0.127998065811311
632,0.79866416495351
633,0.093857050341864
634,0.772448683445194
635,0.065223866617305
636,0.190931335222906
637,0.43901192908612
638,0.325650494351778
639,0.807264560570671
640,0.93180978033563
641,0.373174220866275
642,0.456662765478738
643,0.285733551263349
644,0.675266192898872
645,0.027650482631525
646,0.241360449907593
647,0.246281298248891
648,0.018008746726927
649,0.045976305972549
650,0.068480086362315
651,0.905290601077046
652,0.066019180548924
653,0.454061366351562
654,0.508246978164315
655,0.804896715333934
656,0.438786933964685
657,0.394044496440735
658,0.072327892127131
659,0.659388451070714
660,0.124799422968942
661,0.051740140665494
662,0.689665079984348
663,0.595847760213057
664,0.088624196330154
665,0.877798778542732
666,0.954408096445402
667,0.371817318697886
668,0.038085934286014
669,0.020531563319579
670,0.086946469857715
671,0.743587319257974
672,0.83929303427431
673,0.64388417709523
674,0.889533685272551
675,0.2949184176818
676,0.022109551348517
677,0.375550711107113
678,0.595814226190196
679,0.853441211369362
680,0.726519697434
681,0.249150083563677
682,0.021882934811545
683,0.684922229035011
684,0.192122009436345
685,0.504158471044407
686,0.085114107542901
687,0.036644021043715
688,0.525696924496761
689,0.54060940571486
690,0.857078203798722
691,0.939604331381376
692,0.552831125109927
693,0.549708568578677
694,0.072327892127131
695,0.808649000900093
696,0.530443817559893
697,0.014766565446974
698,0.113163480622915
699,0.372324140303773
700,0.131084201014078
701,0.286090368660387
702,0.206310821633123
703,0.220013647726574
704,0.962830767392891
705,0.025874571006254
706,0.060355577337932
707,0.909285364809132
708,0.030842238916667
709,0.195218141556717
710,0.086218757342379
711,0.447039680650564
712,0.329689464281482
713,0.324953054370622
714,0.347451813346102
715,0.380975324112243
716,0.911887556362326
717,0.048937401928211
718,0.673683432767198
719,0.937899161045358
720,0.261565359206074
721,0.430223263568095
722,0.401249978374444
723,0.780282153973339
724,0.219745436185611
725,0.893924250585715
726,0.029366267586256
727,0.671155138709735
728,0.500917809783471
729,0.11329601267566
730,0.022633442265902
731,0.89753682801989
732,0.020461935693137
733,0.051272628722673
734,0.103223052269553
735,0.776454258746586
736,0.036346307677707
737,0.476514302226963
738,0.695593395894131
739,0.7140117361969
740,0.512480123119927
741,0.600931452719551
742,0.649800999274785
743,0.708874949079998
744,0.276248514551452
745,0.378941206588417
746,0.139312600991206
747,0.622873420618066
748,0.022167352482859
749,0.846429989404374
750,0.650557106611991
751,0.075587310557938
752,0.415148980548018
753,0.21250303143116
754,0.825692641235254
755,0.299925419800486
756,0.444553172291528
757,0.622573672980155
758,0.174560685393318
759,0.883255074471035
760,0.64718548818907
761,0.843334641957209
762,0.920367038570717
763,0.34268212801017
764,0.326416512110375
765,0.232689357852606
766,0.763089358645332
767,0.062540161040481
768,0.39440256003301
769,0.618404640231896
770,0.820767751277314
771,0.022966066748367
772,0.905105315636995
773,0.358707843195042
774,0.824138277683295
775,0.174573961623949
776,0.139338524378047
777,0.840898612565778
778,0.155404926747993
779,0.865642631627031
780,0.228585927466674
781,0.720070410847048
782,0.804034482720643
783,0.853048436431465
784,0.029658544959654
785,0.771531877288672
786,0.307453547957101
787,0.35100007382763
788,0.71067371383738
789,0.086280903271288
790,0.743132390938489
791,0.808112600629232
792,0.111510141956884
793,0.702240537032194
794,0.858581969570686
795,0.801898962738034
796,0.649888110090516
797,0.017284504234146
798,0.196106525654942
799,0.126973810064317
800,0.483042507319332
801,0.626771300928187
802,0.065721552016643
803,0.895214887815623
804,0.027319606443882
805,0.448032224757042
806,0.015676606644381
807,0.807334358785583
808,0.416291129110901
809,0.520514501540201
810,0.382333676179002
811,0.540086933604027
812,0.673941742162115
813,0.250601933608607
814,0.113168779657553
815,0.802617569615256
816,0.394181125769877
817,0.601880119582993
818,0.032527575207181
819,0.106529538288427
820,0.284445124328737
821,0.913182943881758
822,0.027942451756897
823,0.041709943013318
824,0.225492239433208
825,0.11329601267566
826,0.020704847227652
827,0.76408806959023
828,0.888253649521147
829,0.882920597241077
830,0.956781642730177
831,0.93180978033563
832,0.53576601382431
833,0.679507826808471
834,0.599780496909702
835,0.697624925843673
836,0.206917570132484
837,0.874936901818133
838,0.705366336513537
839,0.59767386633808
840,0.650516490390051
841,0.539437165421093
842,0.321657150279212
843,0.641982159529834
844,0.093168463180299
845,0.613732102493727
846,0.729805429089133
847,0.934067873200921
848,0.047806922416029
849,0.549302257247455
850,0.641254219222093
851,0.22918653234306
852,0.095733160166275
853,0.47856351262816
854,0.500104148480706
855,0.133405419286637
856,0.769723293523764
857,0.38682363448236
858,0.865229684122487
859,0.028176602203876
860,0.799652853609353
861,0.29317923890912
862,0.269283202082777
863,0.793084138695473
864,0.342623521250982
865,0.045776500314488
866,0.15566279909489
867,0.689429296641884
868,0.361527897762698
869,0.623633413479578
870,0.870680470654891
871,0.323863654187621
872,0.29519711950553
873,0.703011336606716
874,0.866178037494938
875,0.681997405218259
876,0.533052921029165
877,0.162004011485215
878,0.077291960100309
879,0.292036986967755
880,0.264876754626307
881,0.147117922073615
882,0.016930028020914
883,0.911628713019529
884,0.137717719960723
885,0.627222105195884
886,0.442524645759685
887,0.093907997108679
888,0.224942993893808
889,0.554084112841963
890,0.549593151780607
891,0.203110063354154
892,0.024349208438274
893,0.882235167015384
894,0.139742279247649
895,0.022785235949837
896,0.110707307770002
897,0.745801245472024
898,0.167216411229378
899,0.909183570054695
900,0.037925866048434
901,0.526748736827237
902,0.322060853531948
903,0.126265058878612
904,0.282729075324501
905,0.018981772860572
906,0.694044218798308
907,0.012735558159755
908,0.103601946155563
909,0.922840616142219
910,0.026450020264981
911,0.031753415754917
912,0.02425453996016
913,0.793265106433685
914,0.336437441933619
915,0.051618176628468
916,0.870624486442931
917,0.76259190470642
918,0.539437165421093
919,0.912206300541266
920,0.421872444465024
921,0.926705384447537
922,0.378473040161718
923,0.164832080219998
924,0.81000839323943
925,0.255866716891366
926,0.182414930928023
927,0.53576601382431
928,0.202283907268681
929,0.342730930498699
930,0.874845940500744
931,0.714630098030449
932,0.900499426403186
933,0.088081984152248
934,0.26003384489649
935,0.124696429613851
936,0.02720594119005
937,0.573541241142822
938,0.4166866301926
939,0.058509685406065
940,0.014687028819172
941,0.853595707322541
942,0.765559236496727
943,0.014205172196673
944,0.462749646357593
945,0.871297081930717
946,0.533048975334697
947,0.084149692826544
948,0.218527562905276
949,0.547942226076555
950,0.894770036272123
951,0.091574615946446
952,0.537125617764062
953,0.699082129362787
954,0.343172779748715
955,0.300716212100561
956,0.324746459795495
957,0.710060963034052
958,0.105710653604455
959,0.266566634416986
960,0.56563219057405
961,0.744017292216051
962,0.249393109090313
963,0.082092020488043
964,0.825910566455293
965,0.887441263049451
966,0.409788393093506
967,0.034937311501064
968,0.233092999561538
969,0.124152532401539
970,0.040096446089468
971,0.077311952923227
972,0.636647787230428
973,0.305891330388911
974,0.021536746988052
975,0.757621080509353
976,0.192530798144503
977,0.132109420305017
978,0.674427323987369
979,0.12055690068298
980,0.884303963276885
981,0.318021790605527
982,0.572765857510424
983,0.016433731167643
984,0.803982397457198
985,0.065134197746416
986,0.231527305191105
987,0.84104862510206
988,0.491685530678367
989,0.07821184135794
990,0.868931958019015
991,0.796760326710555
992,0.380068706889358
993,0.305368151480936
994,0.854741081694729
995,0.626984153144417
996,0.368013095390608
997,0.019028005720125
998,0.933223489441266
999,0.02569709690274
1000,0.079724397002716
1001,0.542507796462357
1002,0.536553401598606
1003,0.380779012712325
1004,0.697835512682638
1005,0.026416685406078
1006,0.044779332668786
1007,0.115089105760883
1008,0.135329395713
1009,0.322642892120273
1010,0.822313095331414
1011,0.536807089830022
1012,0.328280241771188
1013,0.357282731899137
1014,0.295705677697175
1015,0.06305469591027
1016,0.018123329043474
1017,0.260598480515627
1018,0.816050125420164
1019,0.931293760905212
1020,0.842034309687185
1021,0.022090841612287
1022,0.282635686410838
1023,0.036704117567019
1024,0.181647889558522
1025,0.936932732475341
1026,0.745299994447501
1027,0.191576227591378
1028,0.162510203661886
1029,0.893214023953111
1030,0.480931484821815
1031,0.017400969178678
1032,0.176853561306708
1033,0.205864914387598
1034,0.228316322286988
1035,0.663976437151147
1036,0.76366992835055
1037,0.27766681542688
1038,0.559028873434124
1039,0.024783349193921
1040,0.760419290023533
1041,0.448427045520032
1042,0.771610765636478
1043,0.022686429055061
1044,0.141308181354742
1045,0.027147870853275
1046,0.018794553528001
1047,0.42456769914654
1048,0.901006677263029
1049,0.094647119427611
1050,0.532855458884028
1051,0.260262148570822
1052,0.383468510018319
1053,0.140858344526213
1054,0.023780182522054
1055,0.060608866479907
1056,0.226227633214913
1057,0.197810732304481
1058,0.272222744592042
1059,0.742431819579251
1060,0.723617708137394
1061,0.157110253225466
1062,0.341942839584583
1063,0.081167759354648
1064,0.227161411144929
1065,0.610940352966432
1066,0.137258825215629
1067,0.462898946796049
1068,0.039585102666049
1069,0.017166956600554
1070,0.117731781491815
1071,0.270596354346777
1072,0.22457022128398
1073,0.412961662510602
1074,0.039704488850881
1075,0.030198980716321
1076,0.146081219471764
1077,0.704597731467394
1078,0.306503070785484
1079,0.830863979365979
1080,0.061143055788581
1081,0.947820130578666
1082,0.654859214190712
1083,0.111262612934296
1084,0.853259593585227
1085,0.60125881170191
1086,0.784754782969841
1087,0.099111174707392
1088,0.866402589755563
1089,0.913182943881758
1090,0.269776259552198
1091,0.829058898663538
1092,0.060086574336169
1093,0.789692177026797
1094,0.465387922599016
1095,0.226615083941401
1096,0.096079268796906
1097,0.299660075023723
1098,0.607177928324202
1099,0.328232527697693
1100,0.78462600982609
1101,0.574288279012338
1102,0.332385403487776
1103,0.072327892127131
1104,0.056908642610751
1105,0.206099216837077
1106,0.029285979731046
1107,0.072410680418048
1108,0.016217519980983
1109,0.459456739365465
1110,0.89357770172623
1111,0.157608965706128
1112,0.01086838981635
1113,0.4082724902467
1114,0.119928037842737
1115,0.75464249546753
1116,0.425478285189883
1117,0.243489275645487
1118,0.08615034456127
1119,0.2849854868078
1120,0.246058735105482
1121,0.349789536768707
1122,0.682317546981266
1123,0.725625854660434
1124,0.034581444698014
1125,0.028991120920951
1126,0.643185280142821
1127,0.643426633078921
1128,0.453674131436447
1129,0.685985672056185
1130,0.643110832804503
1131,0.063996439110277
1132,0.167474824966043
1133,0.313743606483139
1134,0.854885207760525
1135,0.847598628939008
1136,0.024005950718087
1137,0.064331890875295
1138,0.81089922963808
1139,0.019424988442654
1140,0.794642878226745
1141,0.81597244368706
1142,0.247182778487824
1143,0.200259785647176
1144,0.761306533937602
1145,0.609967498613767
1146,0.314582982543235
1147,0.359633774342502
1148,0.017574828880644
1149,0.072063676594114
1150,0.621003877808161
1151,0.532152570171356
1152,0.751585049697656
1153,0.026347303456324
1154,0.362883025624079
1155,0.217151103763207
1156,0.017445308011364
1157,0.402931951528983
1158,0.726900875458873
1159,0.948592997667977
1160,0.019085869253332
1161,0.47426678727172
1162,0.414723455559894
1163,0.551226913324572
1164,0.026334016073516
1165,0.813728355284038
1166,0.32051114172854
1167,0.027747972093257
1168,0.348800806204731
1169,0.011690918282891
1170,0.160023693515157
1171,0.047497471506814
1172,0.406710138536115
1173,0.118305144961117
1174,0.278633017756017
1175,0.843024250901131
1176,0.488168055309729
1177,0.050824491282423
1178,0.723764622285007
1179,0.189264637008333
1180,0.13082755769716
1181,0.024271076153186
1182,0.6017184849613
1183,0.134136079132213
1184,0.280503170751434
1185,0.315504941584189
1186,0.818490741370263
1187,0.832993039218142
1188,0.012207322039307
1189,0.363668282857759
1190,0.285706712529629
1191,0.050478064615099
1192,0.498360665013193
1193,0.746205357808496
1194,0.794840618132818
1195,0.190615271067106
1196,0.360039194514293
1197,0.235826269777343
1198,0.086447833740096
1199,0.489457519573554
1200,0.073393713410044
1201,0.036140006570564
1202,0.094420255707929
1203,0.786425578364382
1204,0.499220964786712
1205,0.526003542922102
1206,0.77376052263378
1207,0.272508769575452
1208,0.728494293864653
1209,0.20544412358513
1210,0.714156552430575
1211,0.114471294649265
1212,0.141742079796797
1213,0.947904459773869
1214,0.396993342383376
1215,0.677701532792616
1216,0.491272491447241
1217,0.871200936049354
1218,0.477198705175647
1219,0.205466886534648
1220,0.018687817345639
1221,0.622602531390732
1222,0.936527468306739
1223,0.676504161677876
1224,0.037582693315126
1225,0.685105204791834
1226,0.912206300541266
1227,0.851125241909854
1228,0.669529282032278
1229,0.952751395806784
1230,0.026153269392716
1231,0.864544616607445
1232,0.785681206309763
1233,0.752928906031376
1234,0.377244209847874
1235,0.017998845989436
1236,0.954408096445402
1237,0.804001628349361
1238,0.827468356641045
1239,0.025496997988997
1240,0.459309086593463
1241,0.134964287967819
1242,0.027159263375589
1243,0.905878385885589
1244,0.018971244959271
1245,0.274872994374878
1246,0.642954541533927
1247,0.340083105306356
1248,0.219772391332708
1249,0.287295600952011
1250,0.113822486994855
1251,0.54753972430962
1252,0.02124676667686
1253,0.935631345492483
1254,0.290544504710296
1255,0.020484250825273
1256,0.808709439493085
1257,0.845975971303227
1258,0.013863467884916
1259,0.687748677917672
1260,0.933234430394712
1261,0.085519089149473
1262,0.499669513820723
1263,0.502477525354499
1264,0.379781840419679
1265,0.657750428532317
1266,0.635537592753746
1267,0.575955647092154
1268,0.854511576901515
1269,0.680742625764991
1270,0.035901696875718
1271,0.023354873190687
1272,0.271561641381587
1273,0.090363520641743
1274,0.027299002230077
1275,0.474062314857742
1276,0.025165030739722
1277,0.013216811554548
1278,0.150555833633911
1279,0.611295947906587
1280,0.094070718204541
1281,0.843473233204668
1282,0.925590964154411
1283,0.324953054370622
1284,0.81041446508135
1285,0.319212465115576
1286,0.208001282322633
1287,0.771116882816385
1288,0.742042386500229
1289,0.090137274121868
1290,0.288839294834471
1291,0.839983572816193
1292,0.227486864559329
1293,0.033558033916632
1294,0.414647285743867
1295,0.778751545038775
1296,0.132915341668667
1297,0.379899418931395
1298,0.574724704360226
1299,0.82546162415798
1300,0.871788001691225
1301,0.936404322039488
1302,0.238105869707652
1303,0.851814888897146
1304,0.338482189359605
1305,0.132473010035948
1306,0.488942817711338
1307,0.134624958813007
1308,0.47252207634238
1309,0.929692703700483
1310,0.349326435919819
1311,0.752714166136601
1312,0.699460873065099
1313,0.099889078228751
1314,0.057246986254461
1315,0.572773951805631
1316,0.01779058263463
1317,0.771609183350281
1318,0.092170624652134
1319,0.020027699479833
1320,0.259305185377443
1321,0.026304643320955
1322,0.665102700831576
1323,0.608652379928638
1324,0.146973143159145
1325,0.737473470945278
1326,0.860349521658075
1327,0.27124661199443
1328,0.887307626757217
1329,0.626474238807713
1330,0.908533223759731
1331,0.508937405600339
1332,0.413033951170389
1333,0.301902844122732
1334,0.026033673813405
1335,0.846329267905321
1336,0.060198131942417
1337,0.835579930913245
1338,0.021142575219179
1339,0.896366676218521
1340,0.061325223832687
1341,0.481126553597792
1342,0.035143646553126
1343,0.204796570448731
1344,0.081537624081353
1345,0.463157426737872
1346,0.163561370762573
1347,0.024813505923288
1348,0.903190579692443
1349,0.018274348711355
1350,0.062160515956468
1351,0.098570499185347
1352,0.076931704824107
1353,0.590078184818082
1354,0.565888174173183
1355,0.799543947022201
1356,0.088723174170419
1357,0.750504283374116
1358,0.025263363985144
1359,0.334202252858607
1360,0.322023558519616
1361,0.363743212311991
1362,0.803870125934184
1363,0.020931048634476
1364,0.369257264342527
1365,0.702743844776971
1366,0.534836727302238
1367,0.08948531067131
1368,0.380544274527896
1369,0.143196365308891
1370,0.129544586118208
1371,0.888484695842579
1372,0.029276733037503
1373,0.381127190725776
1374,0.035370823197808
1375,0.512386761505543
1376,0.288645246055767
1377,0.694549134189862
1378,0.574482651284902
1379,0.433103668244539
1380,0.900777912167237
1381,0.816873176632305
1382,0.685040766163875
1383,0.028567880791567
1384,0.727379872352735
1385,0.885767789099095
1386,0.820107924094609
1387,0.11365571265634
1388,0.805201823462278
1389,0.81690161885279
1390,0.790760334124602
1391,0.088988092434491
1392,0.894062585743445
1393,0.269611277101358
1394,0.019365101436488
1395,0.686884112088355
1396,0.196198409046169
1397,0.026145947557401
1398,0.507708042238376
1399,0.514009237297223
1400,0.541462142155848
1401,0.161550871091795
1402,0.689307404432877
1403,0.035474705079871
1404,0.303857560170814
1405,0.307579822540527
1406,0.537125617764062
1407,0.665102700831576
1408,0.236927118461586
1409,0.015290140451467
1410,0.076266917082065
1411,0.022854452094237
1412,0.651608919749797
1413,0.838630343756502
1414,0.095345568436822
1415,0.208355596613073
1416,0.367857913085962
1417,0.024567146271754
1418,0.174408186035234
1419,0.686327955902917
1420,0.118712036026093
1421,0.019599686294085
1422,0.032699849084296
1423,0.021759511666255
1424,0.216514046500467
1425,0.116443008071066
1426,0.06206909587457
1427,0.338319852488103
1428,0.893431527491927
1429,0.612265296270956
1430,0.25757501360287
1431,0.432486657560443
1432,0.48774240715673
1433,0.059976704219194
1434,0.861848226663899
1435,0.507115120999761
1436,0.571405559117113
1437,0.280556548435168
1438,0.674583126091744
1439,0.742365163451593
1440,0.539437165421093
1441,0.701209010399117
1442,0.238133158888856
1443,0.801297869033617
1444,0.390608636044868
1445,0.419646648135752
1446,0.422985845490655
1447,0.339091927455394
1448,0.299605256064222
1449,0.945244385210106
1450,0.105617299169624
1451,0.891276651194555
1452,0.742570638543265
1453,0.023308805830013
1454,0.253456241362282
1455,0.134570744423905
1456,0.158757923208978
1457,0.293820416869629
1458,0.562893677742399
1459,0.93180978033563
1460,0.911733449552598
1461,0.02591214142168
1462,0.023892292714055
1463,0.539437165421093
1464,0.689786703273264
1465,0.833429183226092
1466,0.110531533599657
1467,0.035967792929441
1468,0.04647261028109
1469,0.739790405721319
1470,0.45826517676636
1471,0.101401799642755
1472,0.554515517360786
1473,0.659949093929679
1474,0.674313833784035
1475,0.937848412140391
1476,0.085797626398605
1477,0.030298508491826
1478,0.599625349712215
1479,0.489215750586133
1480,0.034441524563705
1481,0.675465714217859
1482,0.024242161299141
1483,0.304056817494766
1484,0.390457197532232
1485,0.53576601382431
1486,0.079855059028461
1487,0.234444480086733
1488,0.453044112576286
1489,0.360427519232578
1490,0.854741081694729
1491,0.031560530457579
1492,0.016202070424159
1493,0.441668867281641
1494,0.89001541135272
1495,0.644772201191365
1496,0.563394334805859
1497,0.304870621504033
1498,0.427920014080139
1499,0.410394789835848
1500,0.075854225979104
1501,0.09268410061245
1502,0.020543465230502
1503,0.157812404550871
1504,0.978142084562271
1505,0.68621431286629
1506,0.870130723016707
1507,0.505762930965312
1508,0.835374056180906
1509,0.69200507170168
1510,0.257524462416845
1511,0.084434230140662
1512,0.358995336395443
1513,0.41035779750352
1514,0.052996986122132
1515,0.755964525712427
1516,0.195980322726152
1517,0.832537029110001
1518,0.655222980640515
1519,0.183703469070675
1520,0.091639309550964
1521,0.217893725903558
1522,0.023860422223611
1523,0.558465320417192
1524,0.048898320634065
1525,0.765221127609152
1526,0.193580807401598
1527,0.889085311988155
1528,0.210175755973931
1529,0.776444659608892
1530,0.498041259015201
1531,0.235152335654428
1532,0.018743411044753
1533,0.387633633349736
1534,0.094463651532149
1535,0.283061386833383
1536,0.084382747001301
1537,0.578566462874541
1538,0.020835885514062
1539,0.706088729771493
1540,0.1210078825403
1541,0.792561612127256
1542,0.605658626414954
1543,0.016333463696808
1544,0.079039895703448
1545,0.80115367163361
1546,0.340515300348884
1547,0.600964528246932
1548,0.772521400932592
1549,0.184050893020609
1550,0.932131631811503
1551,0.793288222342301
1552,0.58994822325828
1553,0.019628746636538
1554,0.01855228250655
1555,0.087001136120485
1556,0.539127289890278
1557,0.743056837516576
1558,0.098845617016356
1559,0.034576826134794
1560,0.629726062302086
1561,0.01803090514397
1562,0.090447296564733
1563,0.71874351532635
1564,0.249095132032941
1565,0.282139447259975
1566,0.11421026354697
1567,0.220170115835351
1568,0.849830172866286
1569,0.024475250995556
1570,0.489811299123856
1571,0.127604318770675
1572,0.514686845471325
1573,0.023650631473151
1574,0.724555374245208
1575,0.939173461274618
1576,0.11230229034045
1577,0.118653560353871
1578,0.439324987883823
1579,0.590242726134436
1580,0.898731497682064
1581,0.103097672277286
1582,0.537125617764062
1583,0.03873849903103
1584,0.813727777231226
1585,0.708358714192969
1586,0.04393897765803
1587,0.195070868201896
1588,0.020027699479833
1589,0.633729286950806
1590,0.52921330848218
1591,0.663729298850012
1592,0.918880942510501
1593,0.428866073012793
1594,0.015073871142924
1595,0.60898406120118
1596,0.389113626070356
1597,0.309842559579852
1598,0.207819001179712
1599,0.668571891372389
1600,0.757492353538731
1601,0.680680792896471
1602,0.871051189668614
1603,0.788405789682748
1604,0.042076786483207
1605,0.422627405482821
1606,0.283551506268033
1607,0.491495478490166
1608,0.062572442592552
1609,0.838056508552469
1610,0.14797114487815
1611,0.568067196109497
1612,0.919419552599595
1613,0.238670813401888
1614,0.388513776187668
1615,0.387313896825616
1616,0.609015861750311
1617,0.315749813541434
1618,0.641486341874734
1619,0.692307343727874
1620,0.052010825833817
1621,0.504318355433398
1622,0.107673089546937
1623,0.610630706013849
1624,0.071669031986764
1625,0.096278333412177
1626,0.022611214818525
1627,0.128036966882393
1628,0.769761598756989
1629,0.565908002161852
1630,0.205819816340186
1631,0.057599236125235
1632,0.519995750486866
1633,0.375810698574221
1634,0.259812770404852
1635,0.028772267271283
1636,0.027344262487159
1637,0.957037595654682
1638,0.865736317830644
1639,0.748225342415034
1640,0.847714686731276
1641,0.423811975087756
1642,0.121524403761079
1643,0.377268170317002
1644,0.553177740091011
1645,0.614344999877992
1646,0.086454864350819
1647,0.460374820243343
1648,0.423135778769023
1649,0.75795601032574
1650,0.075357108334918
1651,0.407357520158372
1652,0.352207557398343
1653,0.860662280640487
1654,0.098495693431924
1655,0.594512592854318
1656,0.050157721646872
1657,0.070661202923129
1658,0.101895663564409
1659,0.670737888973428
1660,0.565264957297819
1661,0.024892420746539
1662,0.023138475977918
1663,0.535534936858695
1664,0.365834308464262
1665,0.930433079958406
1666,0.319973128720951
1667,0.212813680415278
1668,0.061633745822582
1669,0.160506952285399
1670,0.929692703700483
1671,0.483288050988466
1672,0.282118362312067
1673,0.218102253892287
1674,0.087777645575673
1675,0.594373363162793
1676,0.743643440591803
1677,0.041580156173959
1678,0.586554889057275
1679,0.405082897498256
1680,0.252293258391214
1681,0.036193453804565
1682,0.85506698136455
1683,0.522860063376778
1684,0.806142072194973
1685,0.019832489068287
1686,0.900571947513136
1687,0.47541152629236
1688,0.631773452690839
1689,0.127294282537454
1690,0.06654252295736
1691,0.718384128494573
1692,0.303555028844646
1693,0.630314733119818
1694,0.106083602562993
1695,0.4086823780446
1696,0.697590961858108
1697,0.535685535872254
1698,0.145031951221614
1699,0.174723152806055
1700,0.058602482469514
1701,0.397161353241067
1702,0.070477124267552
1703,0.106361617404402
1704,0.856959672817627
1705,0.367309058985403
1706,0.720220320691105
1707,0.512423498792957
1708,0.808769484049403
1709,0.803839713164913
1710,0.021384964527907
1711,0.689307404432877
1712,0.070421671267924
1713,0.793200539267854
1714,0.221648122266034
1715,0.030064512034567
1716,0.63767476284055
1717,0.034733318056597
1718,0.021164734661494
1719,0.529198812378463
1720,0.017654268096455
1721,0.836521651116352
1722,0.704305487778658
1723,0.030811509784569
1724,0.873933747939653
1725,0.713311933484255
1726,0.693128555659433
1727,0.228359363295667
1728,0.094667169562364
1729,0.903967733954416
1730,0.834715428515764
1731,0.782382574535812
1732,0.670598986854662
1733,0.212703439193165
1734,0.497945636323731
1735,0.61934626338863
1736,0.220659948290065
1737,0.85684722853897
1738,0.092056487385507
1739,0.034256508743855
1740,0.81166834450248
1741,0.347544416780019
1742,0.012462626318604
1743,0.543779379643887
1744,0.026651039128049
1745,0.021448257916227
1746,0.520951014369879
1747,0.056385661310813
1748,0.244480020241149
1749,0.027868798252509
1750,0.55373544492313
1751,0.757749591910642
1752,0.494497284721617
1753,0.883810733124278
1754,0.124216041386661
1755,0.140891677994128
1756,0.373150292390853
1757,0.02233402529289
1758,0.935686339215718
1759,0.838326101851632
1760,0.019019024431497
